City_ID,City,Country,Date,Lat,Lng,Max Temp,Humidity,Cloudiness,Wind Speed
0,Butaritari,KI,2021-07-19 22:20:42,3.0707,172.7902,82.45,74,100,12.66
1,Port Elizabeth,ZA,2021-07-19 22:21:08,-33.918,25.5701,57.49,88,0,11.5
2,Gola Gokarannath,IN,2021-07-19 22:25:07,28.0833,80.4667,77.36,90,100,1.28
3,Punta Arenas,CL,2021-07-19 22:19:13,-53.15,-70.9167,41.11,81,40,9.22
4,Port Alfred,ZA,2021-07-19 22:20:40,-33.5906,26.891,60.67,84,41,11.95
5,Jamestown,US,2021-07-19 22:20:55,42.097,-79.2353,80.1,62,1,1.99
6,Asau,RO,2021-07-19 22:22:45,46.4333,26.4,67.75,99,100,3.02
7,Nantucket,US,2021-07-19 22:20:51,41.2835,-70.0995,74.03,69,98,12.8
8,Maxixe,MZ,2021-07-19 22:25:07,-23.8597,35.3472,63.57,92,13,5.35
9,Ucluelet,CA,2021-07-19 22:22:17,48.9329,-125.5528,83.05,75,0,1.99
10,Maralal,KE,2021-07-19 22:25:08,1.0968,36.698,60.28,77,92,3.15
11,Margate,GB,2021-07-19 22:21:04,51.3813,1.3862,64.96,91,3,9.44
12,Necochea,AR,2021-07-19 22:25:08,-38.5473,-58.7368,51.04,54,78,11.18
13,Sembakung,ID,2021-07-19 22:25:08,3.8167,117.25,78.73,99,92,1.32
14,Imeni Morozova,RU,2021-07-19 22:21:11,59.9757,31.0376,59.04,6,18,6.87
15,Atuona,PF,2021-07-19 22:21:09,-9.8,-139.0333,77.7,72,31,26.53
16,Eqbaliyeh,IR,2021-07-19 22:25:08,35.3022,51.5358,89.42,26,0,4.29
17,Abu Kamal,SY,2021-07-19 22:21:59,34.4506,40.9171,95.29,14,0,12.03
18,Hilo,US,2021-07-19 22:20:36,19.7297,-155.09,80.33,80,90,10.36
19,Ketchikan,US,2021-07-19 22:20:43,55.3422,-131.6461,64.87,68,90,8.05
20,Torbay,CA,2021-07-19 22:20:32,47.6666,-52.7314,66.76,82,75,10.36
21,Rikitea,PF,2021-07-19 22:20:30,-23.1203,-134.9692,71.06,66,100,24.85
22,Avarua,CK,2021-07-19 22:21:08,-21.2078,-159.775,80.65,74,20,16.11
23,Laibin,CN,2021-07-19 22:25:09,23.7,109.2667,78.69,87,100,1.92
24,Filadelfia,US,2021-07-19 22:25:09,39.9523,-75.1638,89.1,49,20,1.99
25,Clyde River,CA,2021-07-19 22:21:41,70.4692,-68.5914,39.43,81,90,4.61
26,Dikson,RU,2021-07-19 22:20:30,73.5069,80.5464,38.86,80,0,7.16
27,Half Moon Bay,US,2021-07-19 22:25:10,37.4636,-122.4286,98.74,58,40,10.36
28,Ushuaia,AR,2021-07-19 22:20:35,-54.8,-68.3,38.86,75,20,5.75
29,Andros Town,BS,2021-07-19 22:25:10,24.7,-77.7667,85.96,70,13,14.81
30,Tutoia,BR,2021-07-19 22:25:10,-2.7619,-42.2744,79.34,82,71,9.37
31,Lata,PT,2021-07-19 22:25:11,40.1629,-8.3327,65.05,95,26,3.65
32,Albany,US,2021-07-19 22:16:29,42.6001,-73.9662,79.75,79,93,0.29
33,Pacific Grove,US,2021-07-19 22:21:36,36.6177,-121.9166,94.57,83,20,5.01
34,Faanui,PF,2021-07-19 22:22:04,-16.4833,-151.75,78.69,77,100,24.27
35,Fortuna,US,2021-07-19 22:16:44,40.5982,-124.1573,94.48,70,66,5.99
36,Usinsk,RU,2021-07-19 22:25:11,65.9939,57.5281,61.11,60,82,12.55
37,Cape Canaveral,US,2021-07-19 22:23:51,28.4058,-80.6048,88.05,75,1,14.97
38,San-Pedro,CI,2021-07-19 22:25:12,4.7485,-6.6363,76.06,77,89,10.29
39,College,US,2021-07-19 22:22:45,64.8569,-147.8028,79.59,41,20,0.0
40,Lagoa,PT,2021-07-19 22:21:37,39.05,-27.9833,69.31,84,89,23.71
41,El Fuerte,MX,2021-07-19 22:25:12,26.4189,-108.6194,99.9,34,7,11.34
42,Salalah,OM,2021-07-19 22:21:24,17.0151,54.0924,78.89,94,90,6.91
43,Saldanha,ZA,2021-07-19 22:20:58,-33.0117,17.9442,53.65,70,100,16.55
44,Venado,MX,2021-07-19 22:25:12,22.9333,-101.0833,81.23,33,8,12.44
45,Nizwa,OM,2021-07-19 22:25:13,22.9333,57.5333,86.81,57,44,3.62
46,Bluff,NZ,2021-07-19 22:20:27,-46.6,168.3333,37.8,82,70,11.99
47,Busselton,AU,2021-07-19 22:20:28,-33.65,115.3333,54.05,82,94,14.07
48,Kaitangata,NZ,2021-07-19 22:21:42,-46.2817,169.8464,46.92,84,48,4.45
49,Petropavlovsk-Kamchatskiy,RU,2021-07-19 22:25:13,53.0452,158.6483,54.19,100,90,2.24
50,Hermanus,ZA,2021-07-19 22:20:42,-34.4187,19.2345,51.91,80,100,1.9
51,Barrow,US,2021-07-19 22:18:17,71.2906,-156.7887,41.02,93,90,3.44
52,Benguela,AO,2021-07-19 22:25:13,-12.5763,13.4055,68.07,87,11,3.13
53,Vaini,TO,2021-07-19 22:20:46,-21.2,-175.2,80.76,83,40,5.75
54,Qaanaaq,GL,2021-07-19 22:20:58,77.484,-69.3632,38.46,85,93,1.86
55,Pevek,RU,2021-07-19 22:21:54,69.7008,170.3133,37.51,85,19,4.85
56,Carnarvon,AU,2021-07-19 22:21:15,-24.8667,113.6333,57.27,81,40,10.36
57,Narsaq,GL,2021-07-19 22:21:00,60.9167,-46.05,50.22,96,98,4.16
58,Mahebourg,MU,2021-07-19 22:20:57,-20.4081,57.7,71.89,68,40,16.11
59,Upernavik,GL,2021-07-19 22:21:30,72.7868,-56.1549,41.05,84,99,3.29
60,Puerto Ayora,EC,2021-07-19 22:20:29,-0.7393,-90.3518,80.56,90,88,3.0
61,Sabang,ID,2021-07-19 22:25:14,5.8933,95.3214,82.63,74,98,21.21
62,Provideniya,RU,2021-07-19 22:21:06,64.3833,-173.3,50.11,81,90,6.71
63,Belaya Gora,RU,2021-07-19 22:25:15,68.5333,146.4167,59.31,51,100,4.65
64,Sambava,MG,2021-07-19 22:20:31,-14.2667,50.1667,71.62,85,71,12.17
65,Nanortalik,GL,2021-07-19 22:21:30,60.1432,-45.2371,43.32,96,100,11.54
66,Thompson,CA,2021-07-19 22:21:14,55.7435,-97.8558,69.96,32,20,4.61
67,Nampa,US,2021-07-19 22:25:15,43.5407,-116.5635,98.04,25,1,5.75
68,Lermontovka,RU,2021-07-19 22:25:15,47.1453,134.3383,79.05,71,12,3.98
69,Tuatapere,NZ,2021-07-19 22:21:45,-46.1333,167.6833,37.81,84,91,5.48
70,Yenagoa,NG,2021-07-19 22:25:16,4.9247,6.2642,74.3,89,99,4.34
71,Saint-Georges,GD,2021-07-19 22:22:49,12.0564,-61.7485,82.08,83,20,14.97
72,Valdivia,CL,2021-07-19 22:25:16,-39.8142,-73.2459,48.29,97,97,2.21
73,Puerto Leguizamo,CO,2021-07-19 22:25:16,-0.1934,-74.7819,76.17,96,46,1.88
74,Atasu,KZ,2021-07-19 22:25:16,48.6814,71.6433,71.76,45,93,8.21
75,Nalut,LY,2021-07-19 22:25:17,30.3333,10.85,84.04,24,0,15.59
76,Shimanovsk,RU,2021-07-19 22:25:17,52.0,127.7,69.06,96,79,5.23
77,Yellowknife,CA,2021-07-19 22:20:46,62.456,-114.3525,70.29,66,75,9.22
78,Kapaa,US,2021-07-19 22:18:25,22.0752,-159.319,84.52,74,90,5.01
79,Kodiak,US,2021-07-19 22:20:56,57.79,-152.4072,63.91,68,1,13.8
80,Hammond,US,2021-07-19 22:25:18,41.5834,-87.5,85.98,63,1,4.0
81,Villa Carlos Paz,AR,2021-07-19 22:23:58,-31.4241,-64.4978,57.4,38,0,13.0
82,Hithadhoo,MV,2021-07-19 22:20:52,-0.6,73.0833,81.34,73,95,4.81
83,Tra Vinh,VN,2021-07-19 22:25:18,9.9347,106.3453,76.87,92,100,3.09
84,San Quintin,MX,2021-07-19 22:22:09,30.4833,-115.95,76.78,64,1,13.82
85,Iquitos,PE,2021-07-19 22:25:18,-3.7481,-73.2472,73.44,94,75,5.75
86,Koslan,RU,2021-07-19 22:25:19,63.4564,48.8989,56.35,94,100,6.35
87,Stornoway,GB,2021-07-19 22:25:19,58.2093,-6.3865,57.92,94,90,5.75
88,Bredasdorp,ZA,2021-07-19 22:20:31,-34.5322,20.0403,52.92,76,100,5.75
89,Vigrestad,NO,2021-07-19 22:25:19,58.5667,5.7,56.88,74,78,21.32
90,Vestmannaeyjar,IS,2021-07-19 22:21:36,63.4427,-20.2734,52.29,90,76,14.5
91,Hobart,AU,2021-07-19 22:17:16,-42.8794,147.3294,47.91,82,75,1.01
92,Port-Gentil,GA,2021-07-19 22:20:37,-0.7193,8.7815,75.16,83,40,8.05
93,Marsh Harbour,BS,2021-07-19 22:25:20,26.5412,-77.0636,83.39,72,7,12.66
94,Barra Do Corda,BR,2021-07-19 22:25:20,-5.5,-45.25,85.08,51,89,4.56
95,Lazaro Cardenas,MX,2021-07-19 22:25:20,17.9583,-102.2,86.94,66,31,9.51
96,Broome,US,2021-07-19 22:20:57,42.2506,-75.833,81.63,75,1,4.0
97,Flinders,AU,2021-07-19 22:21:29,-34.5833,150.8552,53.06,65,4,3.0
98,Lebu,CL,2021-07-19 22:22:00,-37.6167,-73.65,53.04,88,92,13.11
99,Castro,BR,2021-07-19 22:20:39,-24.7911,-50.0119,41.32,68,8,1.21
100,Saint-Pierre,RE,2021-07-19 22:22:12,-21.3393,55.4781,69.48,78,0,23.02
101,Lamar,US,2021-07-19 22:25:21,33.6668,-95.5836,81.99,79,75,6.91
102,Barra Do Garcas,BR,2021-07-19 22:25:21,-15.89,-52.2567,77.58,38,0,0.0
103,Partizanskoye,RU,2021-07-19 22:21:17,55.5006,94.39,55.51,91,92,2.13
104,Caconda,AO,2021-07-19 22:25:22,-13.7333,15.0667,60.67,35,87,2.68
105,Iqaluit,CA,2021-07-19 22:20:54,63.7506,-68.5145,46.13,71,75,9.22
106,Tuktoyaktuk,CA,2021-07-19 22:20:42,69.4541,-133.0374,69.8,60,75,6.91
107,Airai,TL,2021-07-19 22:20:36,-8.9266,125.4092,54.9,83,5,3.36
108,Mitsamiouli,KM,2021-07-19 22:25:22,-11.3847,43.2844,77.34,70,16,7.4
109,Saint-Augustin,CA,2021-07-19 22:22:47,51.226,-58.6502,66.87,61,100,13.56
110,Havelock,US,2021-07-19 22:22:24,34.8791,-76.9013,78.94,92,90,5.01
111,Mar Del Plata,AR,2021-07-19 22:21:23,-38.0023,-57.5575,53.1,67,0,3.0
112,Hopeman,GB,2021-07-19 22:25:23,57.7068,-3.4291,63.7,81,75,6.91
113,Ak-Dovurak,RU,2021-07-19 22:25:23,51.1833,90.6,51.96,85,38,0.76
114,Labuhan,ID,2021-07-19 22:21:02,-6.8844,112.2051,77.16,84,44,8.57
115,Tasiilaq,GL,2021-07-19 22:20:48,65.6145,-37.6368,50.16,90,100,8.57
116,Porto Walter,BR,2021-07-19 22:25:23,-8.2686,-72.7439,78.15,60,10,5.53
117,Khandyga,RU,2021-07-19 22:21:39,62.6667,135.6,69.57,43,100,6.08
118,Ziro,IN,2021-07-19 22:25:24,27.6333,93.8333,60.22,98,98,1.86
119,Esperance,AU,2021-07-19 22:20:45,-33.8667,121.9,53.87,79,99,10.56
120,Gargalianoi,GR,2021-07-19 22:25:24,37.0667,21.6333,75.36,81,11,1.3
121,Qaqortoq,GL,2021-07-19 22:20:49,60.7167,-46.0333,50.5,93,93,4.9
122,Beloha,MG,2021-07-19 22:21:20,-25.1667,45.05,68.23,69,79,12.57
123,Whitewater,US,2021-07-19 22:24:16,42.8336,-88.7323,85.08,58,0,4.99
124,Sao Filipe,CV,2021-07-19 22:21:00,14.8961,-24.4956,75.04,85,25,8.03
125,Mataura,NZ,2021-07-19 22:20:27,-46.1927,168.8643,37.47,85,59,2.98
126,Stonewall,CA,2021-07-19 22:25:24,50.1344,-97.3268,73.17,33,0,13.09
127,Smolenka,RU,2021-07-19 22:25:25,52.1352,113.4974,64.47,94,40,0.0
128,Ahipara,NZ,2021-07-19 22:22:55,-35.1667,173.1667,58.3,68,51,6.55
129,Sibu,MY,2021-07-19 22:25:25,2.3,111.8167,77.31,94,40,0.0
130,Boyolangu,ID,2021-07-19 22:25:25,-8.1181,111.8935,72.73,94,58,0.81
131,Tura,IN,2021-07-19 22:25:26,25.5198,90.2201,73.8,98,100,3.98
132,Tarakan,ID,2021-07-19 22:22:46,3.3,117.6333,78.3,94,20,3.44
133,Surazh,RU,2021-07-19 22:25:26,53.0175,32.3918,65.21,85,94,3.65
134,Lima,PE,2021-07-19 22:24:39,-12.0432,-77.0282,62.85,77,75,9.22
135,Lodwar,KE,2021-07-19 22:25:27,3.1191,35.5973,82.09,47,94,2.51
136,Charsadda,PK,2021-07-19 22:25:27,34.1435,71.7317,75.81,76,100,2.98
137,Puerto Del Rosario,ES,2021-07-19 22:25:27,28.5004,-13.8627,76.75,61,0,19.57
138,Masterton,NZ,2021-07-19 22:21:21,-40.9597,175.6575,49.89,86,68,1.07
139,Ereymentau,KZ,2021-07-19 22:25:28,51.6199,73.1033,63.82,63,100,9.24
140,Chicama,PE,2021-07-19 22:25:28,-7.8447,-79.1469,66.74,69,8,8.21
141,Haines Junction,CA,2021-07-19 22:25:28,60.7522,-137.5108,75.15,38,40,3.44
142,Pitsunda,GE,2021-07-19 22:25:28,43.1592,40.3378,73.58,56,0,5.3
143,Port Augusta,AU,2021-07-19 22:25:29,-32.5,137.7667,50.14,78,100,4.68
144,Monopoli,IT,2021-07-19 22:22:55,40.9559,17.2896,76.84,79,13,10.16
145,Dolores,AR,2021-07-19 22:25:29,-36.3132,-57.6792,44.29,65,3,8.3
146,Nueva Germania,PY,2021-07-19 22:25:29,-23.9,-56.5667,50.2,42,100,3.91
147,Mildura,AU,2021-07-19 22:25:30,-34.2,142.15,48.16,71,78,6.91
148,Arraial Do Cabo,BR,2021-07-19 22:21:07,-22.9661,-42.0278,67.19,55,26,26.6
149,Maryborough,AU,2021-07-19 22:25:30,-25.5333,152.7,57.11,59,0,4.38
150,Kieta,PG,2021-07-19 22:21:51,-6.2167,155.6333,80.17,84,99,5.97
151,Sibolga,ID,2021-07-19 22:25:30,1.7427,98.7792,75.11,84,74,3.96
152,Victoria,HK,2021-07-19 22:21:51,22.2855,114.1577,81.32,94,95,7.0
153,Nikolskoye,RU,2021-07-19 22:20:41,59.7035,30.7861,58.89,80,1,5.1
154,Ust-Kuyga,RU,2021-07-19 22:25:31,70.0167,135.6,58.03,88,87,7.96
155,Kirakira,SB,2021-07-19 22:22:01,-10.4544,161.9205,82.83,68,100,8.88
156,Coquimbo,CL,2021-07-19 22:20:43,-29.9533,-71.3436,53.33,82,0,6.91
157,Laguna,US,2021-07-19 22:21:08,38.421,-121.4238,102.7,22,1,1.99
158,Gat,IL,2021-07-19 22:25:31,31.61,34.7642,81.28,100,10,6.85
159,Thinadhoo,MV,2021-07-19 22:22:17,0.5333,72.9333,82.72,72,100,8.03
160,Naze,JP,2021-07-19 22:22:31,28.3667,129.4833,79.72,89,100,27.85
161,Taltal,CL,2021-07-19 22:21:32,-25.4,-70.4833,60.26,79,27,1.59
162,Fandriana,MG,2021-07-19 22:25:32,-20.2333,47.3833,53.87,95,100,2.53
163,Kilindoni,TZ,2021-07-19 22:25:32,-7.9139,39.6668,76.91,77,4,18.52
164,Moissala,TD,2021-07-19 22:25:32,8.3404,17.7663,70.39,93,70,4.0
165,Husavik,IS,2021-07-19 22:20:45,66.0449,-17.3389,51.71,83,79,2.93
166,Mabaruma,GY,2021-07-19 22:22:04,8.2,-59.7833,77.25,89,100,5.73
167,Nyrob,RU,2021-07-19 22:25:33,60.733,56.7202,59.95,80,79,4.45
168,Tazovskiy,RU,2021-07-19 22:25:33,67.4667,78.7,47.48,69,100,6.06
169,Berlevag,NO,2021-07-19 22:21:24,70.8578,29.0864,44.31,77,83,22.57
170,Umm Lajj,SA,2021-07-19 22:18:44,25.0213,37.2685,86.92,65,95,8.01
171,Camacupa,AO,2021-07-19 22:25:33,-12.0167,17.4833,57.72,40,44,3.22
172,Kruisfontein,ZA,2021-07-19 22:20:38,-34.0033,24.7314,52.88,90,100,6.64
173,Severo-Kurilsk,RU,2021-07-19 22:20:44,50.6789,156.125,50.7,96,96,8.14
174,Sosnovo-Ozerskoye,RU,2021-07-19 22:25:34,52.5249,111.5418,58.41,94,73,11.39
175,Osa,RU,2021-07-19 22:25:34,57.2829,55.4567,67.66,68,78,4.07
176,Guanajay,CU,2021-07-19 22:25:34,22.9264,-82.6875,85.46,73,69,9.8
177,Jasper,US,2021-07-19 22:25:35,37.2001,-94.3502,85.01,59,20,4.0
178,Ribeira Grande,PT,2021-07-19 22:21:03,38.5167,-28.7,70.41,84,100,19.37
179,Casablanca,MA,2021-07-19 22:20:49,33.5928,-7.6192,70.02,77,0,11.01
180,New Norfolk,AU,2021-07-19 22:20:42,-42.7826,147.0587,47.57,81,99,1.01
181,Cockburn Town,TC,2021-07-19 22:22:40,21.4612,-71.1419,84.16,70,40,11.5
182,Praia,CV,2021-07-19 22:21:00,14.9215,-23.5087,77.54,83,75,6.91
183,Souillac,MU,2021-07-19 22:21:38,-20.5167,57.5167,71.98,68,40,16.11
184,Talaya,RU,2021-07-19 22:25:35,61.3833,152.75,57.15,58,71,3.06
185,Shush,IR,2021-07-19 22:25:36,32.1942,48.2436,100.63,12,3,6.04
186,Mnogovershinnyy,RU,2021-07-19 22:21:27,53.9353,139.9242,68.68,52,93,3.8
187,Grand Gaube,MU,2021-07-19 22:25:36,-20.0064,57.6608,72.0,69,21,5.01
188,Igarka,RU,2021-07-19 22:25:36,67.4667,86.5833,45.97,76,31,6.26
189,Erzincan,TR,2021-07-19 22:25:37,39.75,39.5,72.7,49,0,4.61
190,Sobolevo,RU,2021-07-19 22:21:56,54.4299,31.8996,62.17,79,71,6.91
191,The Valley,AI,2021-07-19 22:25:37,18.217,-63.0578,84.34,74,40,14.97
192,Touba,CI,2021-07-19 22:25:37,8.2833,-7.6833,71.02,97,73,4.12
193,Nzega,RW,2021-07-19 22:25:38,-2.479,29.5564,60.93,64,100,2.28
194,Cayenne,GF,2021-07-19 22:22:29,4.9333,-52.3333,80.64,87,0,0.0
195,Bambous Virieux,MU,2021-07-19 22:20:47,-20.3428,57.7575,71.85,68,40,16.11
196,Maracaibo,VE,2021-07-19 22:22:52,10.6317,-71.6406,88.34,60,18,13.53
197,Spirovo,RU,2021-07-19 22:25:38,57.419,34.9766,56.53,75,71,3.91
198,Hamilton,US,2021-07-19 22:22:17,39.1834,-84.5333,85.41,58,1,1.99
199,Miri,MY,2021-07-19 22:25:39,4.4148,114.0089,77.14,94,20,0.0
200,Lompoc,US,2021-07-19 22:19:32,34.6391,-120.4579,92.21,58,1,14.97
201,Mana,GF,2021-07-19 22:25:39,5.6592,-53.7767,78.53,83,100,7.67
202,Kloulklubed,PW,2021-07-19 22:25:39,7.0419,134.2556,81.1,75,100,7.9
203,Cape Town,ZA,2021-07-19 22:19:45,-33.9258,18.4232,53.11,88,75,3.0
204,Codrington,AU,2021-07-19 22:21:48,-38.2667,141.9667,48.15,89,100,13.2
205,Urusha,RU,2021-07-19 22:25:40,54.05,122.9,61.86,98,100,1.92
206,Eenhana,NA,2021-07-19 22:25:40,-17.4667,16.3333,56.95,35,0,6.82
207,Jiuquan,CN,2021-07-19 22:25:40,39.7432,98.5174,71.82,37,23,3.6
208,Boende,CD,2021-07-19 22:25:41,-0.2167,20.8667,74.88,65,64,2.62
209,Nehe,CN,2021-07-19 22:25:41,48.4833,124.8333,71.02,94,100,5.23
210,Bereznehuvate,UA,2021-07-19 22:25:41,47.3078,32.8499,79.3,47,76,4.81
211,Tiksi,RU,2021-07-19 22:21:32,71.6872,128.8694,54.55,91,100,9.04
212,Ndjole,GA,2021-07-19 22:25:42,-0.1783,10.7649,74.68,80,53,5.32
213,East London,ZA,2021-07-19 22:20:58,-33.0153,27.9116,62.22,76,0,13.89
214,Radeberg,DE,2021-07-19 22:25:42,51.1167,13.9167,58.84,79,0,2.3
215,Ishigaki,JP,2021-07-19 22:25:42,24.3448,124.1572,80.73,94,75,6.91
216,Tucurui,BR,2021-07-19 22:25:42,-3.7661,-49.6725,82.9,48,29,0.98
217,Kosh-Agach,RU,2021-07-19 22:25:43,50.0,88.6667,46.2,81,100,1.23
218,San Rafael,AR,2021-07-19 22:25:43,-34.6177,-68.3301,55.35,21,1,11.3
219,Bardiyah,LY,2021-07-19 22:25:43,31.7561,25.0865,78.85,77,0,10.71
220,Sao Miguel Do Araguaia,BR,2021-07-19 22:25:43,-13.275,-50.1628,81.19,30,6,3.49
221,Saint-Philippe,RE,2021-07-19 22:20:46,-21.3585,55.7679,69.39,76,54,15.79
222,Schwarzenbek,DE,2021-07-19 22:25:44,53.5,10.4833,58.48,84,45,5.32
223,Kargasok,RU,2021-07-19 22:22:06,59.0556,80.8572,53.89,86,62,4.21
224,Urucui,BR,2021-07-19 22:25:44,-7.2294,-44.5561,84.24,30,7,2.68
225,Katsuura,JP,2021-07-19 22:21:39,35.1333,140.3,85.1,80,1,5.03
226,Ossora,RU,2021-07-19 22:22:03,59.2353,163.0719,65.01,66,54,10.0
227,Cahul,MD,2021-07-19 22:25:45,45.9075,28.1944,74.61,75,44,3.13
228,Dargaville,NZ,2021-07-19 22:21:43,-35.9333,173.8833,57.38,64,16,7.65
229,Bria,CF,2021-07-19 22:25:45,6.5423,21.9863,66.97,95,97,2.35
230,Shingu,JP,2021-07-19 22:25:45,33.7333,135.9833,78.91,82,48,3.49
231,Sitka,US,2021-07-19 22:17:05,57.0531,-135.33,64.29,72,20,6.91
232,Zhezkazgan,KZ,2021-07-19 22:25:46,47.8043,67.7144,74.97,50,100,3.0
233,Matagami,CA,2021-07-19 22:25:46,49.7502,-77.6328,50.11,93,90,6.91
234,Georgetown,MY,2021-07-19 22:19:29,5.4112,100.3354,80.89,88,20,3.44
235,Vereshchagino,RU,2021-07-19 22:25:46,58.0789,54.6557,63.43,76,82,4.52
236,Vestmanna,FO,2021-07-19 22:25:47,62.1564,-7.1664,49.12,93,90,9.22
237,Isiro,CD,2021-07-19 22:25:47,2.7739,27.616,64.92,98,100,0.85
238,Ladovskaya Balka,RU,2021-07-19 22:25:47,45.6297,41.4023,80.13,52,0,6.31
239,Colquechaca,BO,2021-07-19 22:25:47,-18.6667,-66.0167,34.3,66,53,6.98
240,Riyadh,SA,2021-07-19 22:21:17,24.6877,46.7219,96.94,42,97,5.17
241,Petatlan,MX,2021-07-19 22:25:48,17.5167,-101.2667,93.0,55,8,5.66
242,Mirnyy,RU,2021-07-19 22:25:48,62.5353,113.9611,63.25,64,100,1.32
243,Ormara,PK,2021-07-19 22:25:48,25.2088,64.6357,83.28,90,100,22.53
244,Svetlogorsk,BY,2021-07-19 22:25:49,52.6333,29.7333,62.13,91,55,6.82
245,Olafsvik,IS,2021-07-19 22:22:39,64.8945,-23.7142,53.49,93,100,9.13
246,Dunedin,NZ,2021-07-19 22:22:57,-45.8742,170.5036,48.79,62,25,8.99
247,Pierre,US,2021-07-19 22:21:26,44.3683,-100.351,99.0,31,1,14.97
248,Azuaga,ES,2021-07-19 22:25:49,38.2667,-5.6833,77.97,39,0,5.7
249,Muisne,EC,2021-07-19 22:25:50,0.6,-80.0333,82.51,82,73,9.19
250,Khatanga,RU,2021-07-19 22:20:55,71.9667,102.5,56.32,65,100,4.83
251,Matay,EG,2021-07-19 22:25:50,28.419,30.7792,90.16,21,0,8.37
252,Tucupita,VE,2021-07-19 22:25:51,9.0622,-62.051,76.14,95,100,5.01
253,Turtas,RU,2021-07-19 22:25:51,58.9417,69.1325,54.88,98,30,3.89
254,Bairiki,KI,2021-07-19 22:25:51,1.3292,172.9752,86.0,70,90,5.75
255,Manakara,MG,2021-07-19 22:25:51,-22.1333,48.0167,67.73,86,74,6.24
256,Adrar,MR,2021-07-19 22:25:52,20.5022,-10.0711,99.91,11,56,8.57
257,Chalon-Sur-Saone,FR,2021-07-19 22:25:52,46.7833,4.85,71.71,85,14,9.35
258,Dingle,PH,2021-07-19 22:22:03,10.9995,122.6711,76.37,89,100,8.01
259,Chokurdakh,RU,2021-07-19 22:21:03,70.6333,147.9167,58.3,48,100,7.25
260,Ostrovnoy,RU,2021-07-19 22:21:08,68.0531,39.5131,49.82,83,64,14.47
261,Namwala,ZM,2021-07-19 22:25:53,-15.7504,26.4384,56.32,56,49,6.02
262,Ust-Barguzin,RU,2021-07-19 22:22:16,53.45,108.9833,51.75,100,100,2.06
263,Hambantota,LK,2021-07-19 22:22:31,6.1241,81.1185,80.64,78,100,19.71
264,Belmonte,BR,2021-07-19 22:21:53,-15.8631,-38.8828,75.7,89,3,8.3
265,Avera,US,2021-07-19 22:21:04,33.194,-82.5271,82.27,85,100,3.27
266,Constitucion,CL,2021-07-19 22:21:52,-35.3333,-72.4167,54.55,67,18,10.8
267,Amahai,ID,2021-07-19 22:25:53,-3.3333,128.9167,76.57,90,98,2.66
268,Dodge City,US,2021-07-19 22:25:53,37.7528,-100.0171,89.11,53,40,4.0
269,Touros,BR,2021-07-19 22:22:56,-5.1989,-35.4608,74.3,81,44,13.4
270,Isangel,VU,2021-07-19 22:20:51,-19.55,169.2667,78.91,78,75,0.0
271,Bonthe,SL,2021-07-19 22:25:54,7.5264,-12.505,77.52,87,100,6.96
272,Yulara,AU,2021-07-19 22:21:04,-25.2406,130.9889,49.84,62,21,8.05
273,Atar,MR,2021-07-19 22:21:22,20.5169,-13.0499,97.92,19,10,7.83
274,Camacha,PT,2021-07-19 22:25:54,33.0833,-16.3333,67.42,64,75,12.66
275,Mali,GN,2021-07-19 22:25:55,12.079,-12.2982,63.59,91,84,3.83
276,Fauske,NO,2021-07-19 22:25:55,67.2588,15.3918,48.24,91,88,5.99
277,Follebu,NO,2021-07-19 22:25:55,61.216,10.2851,54.61,65,93,4.05
278,Bilibino,RU,2021-07-19 22:22:27,68.0546,166.4372,53.08,51,6,1.03
279,Guerrero Negro,MX,2021-07-19 22:20:33,27.9769,-114.0611,81.59,54,23,16.82
280,Ponta Do Sol,PT,2021-07-19 22:21:37,32.6667,-17.1,72.72,79,6,3.98
281,Luganville,VU,2021-07-19 22:25:56,-15.5333,167.1667,81.09,74,56,3.89
282,Awbari,LY,2021-07-19 22:22:25,26.5921,12.7805,87.78,18,8,12.59
283,Chernyshevskiy,RU,2021-07-19 22:25:56,63.0128,112.4714,62.46,63,100,0.96
284,Luderitz,NA,2021-07-19 22:21:56,-26.6481,15.1594,57.81,80,5,11.72
285,Saint Paul,US,2021-07-19 22:21:03,44.9444,-93.0933,90.48,44,1,6.91
286,Hay River,CA,2021-07-19 22:21:06,60.8156,-115.7999,69.78,56,75,6.91
287,Fenoarivo,MG,2021-07-19 22:25:57,-18.933,47.4354,57.27,88,75,5.75
288,Saskylakh,RU,2021-07-19 22:21:35,71.9167,114.0833,51.35,92,94,5.37
289,Zhanaozen,KZ,2021-07-19 22:25:57,43.3,52.8,85.42,28,0,10.11
290,Sakakah,SA,2021-07-19 22:25:57,29.9697,40.2064,96.37,13,90,8.03
291,Moerai,PF,2021-07-19 22:22:20,-22.4333,-151.3333,75.02,85,5,27.38
292,Namibe,AO,2021-07-19 22:21:22,-15.1961,12.1522,68.02,81,97,5.75
293,Russell,US,2021-07-19 22:25:57,32.3502,-85.1999,82.51,83,40,4.61
294,Wairoa,NZ,2021-07-19 22:25:58,-39.0333,177.3667,53.6,85,86,1.99
295,Lampa,CL,2021-07-19 22:25:58,-33.2833,-70.9,67.03,20,0,5.75
296,Tromso,NO,2021-07-19 22:25:58,69.6496,18.957,43.45,75,75,1.99
297,Profitis Ilias,GR,2021-07-19 22:25:59,35.2056,25.0999,70.92,86,0,4.0
298,Pangai,TO,2021-07-19 22:25:59,-19.8,-174.35,80.71,74,40,9.22
299,Berbera,SO,2021-07-19 22:20:41,10.4396,45.0143,90.12,40,99,24.79
300,Geraldton,AU,2021-07-19 22:21:19,-28.7667,114.6,56.12,94,90,6.91
301,Santa Rosa,PH,2021-07-19 22:25:59,14.3122,121.1114,80.11,87,99,6.49
302,Yushan,CN,2021-07-19 22:25:59,31.3776,120.9543,82.29,86,98,7.63
303,Lac Du Bonnet,CA,2021-07-19 22:26:00,50.2536,-96.0612,87.75,30,0,9.24
304,Srednekolymsk,RU,2021-07-19 22:20:40,67.45,153.6833,64.31,38,100,13.0
305,Quang Ngai,VN,2021-07-19 22:26:00,15.1167,108.8,76.89,89,100,5.99
306,Wanaka,NZ,2021-07-19 22:26:00,-44.7,169.15,42.12,99,67,2.73
307,Zhigansk,RU,2021-07-19 22:22:22,66.7697,123.3711,62.85,69,4,6.8
308,Sinnamary,GF,2021-07-19 22:22:19,5.3833,-52.95,77.05,87,100,7.02
309,Williston,US,2021-07-19 22:26:01,48.147,-103.618,107.58,21,46,12.12
310,Atbasar,KZ,2021-07-19 22:26:01,51.8,68.3333,61.61,71,91,8.48
311,Sanmenxia,CN,2021-07-19 22:26:01,34.7747,111.1814,73.27,95,100,3.38
312,Ceres,US,2021-07-19 22:26:01,37.5949,-120.9577,102.78,24,1,6.67
313,Meulaboh,ID,2021-07-19 22:26:02,4.1363,96.1285,75.29,90,100,4.88
314,Terrace,CA,2021-07-19 22:22:09,54.5163,-128.6035,71.51,56,75,5.75
315,Galbshtadt,RU,2021-07-19 22:26:02,53.2264,78.9845,58.48,73,100,7.27
316,Iquique,CL,2021-07-19 22:21:58,-20.2208,-70.1431,59.04,76,83,3.74
317,Portland,US,2021-07-19 22:18:12,45.5234,-122.6762,90.7,34,20,1.99
318,Tual,ID,2021-07-19 22:26:03,-5.6667,132.75,80.19,84,90,21.97
319,Maceio,BR,2021-07-19 22:23:01,-9.6658,-35.7353,74.64,94,40,0.0
320,Strezhevoy,RU,2021-07-19 22:26:03,60.7333,77.5889,60.78,96,93,5.41
321,Verkhovazhye,RU,2021-07-19 22:26:03,60.7472,42.0465,51.13,90,20,2.26
322,Sai Buri,TH,2021-07-19 22:26:04,6.7013,101.6168,77.02,88,95,4.12
323,Bandarbeyla,SO,2021-07-19 22:22:36,9.4942,50.8122,77.54,77,93,28.95
324,Villefranche-De-Rouergue,FR,2021-07-19 22:26:04,44.3333,2.0,75.97,84,0,3.06
325,Zima,RU,2021-07-19 22:24:11,53.9202,102.0442,54.77,93,7,4.29
326,La Union,PE,2021-07-19 22:26:04,-5.4,-80.75,74.19,61,0,15.12
327,Lianzhou,CN,2021-07-19 22:26:05,24.7811,112.3825,75.52,96,95,0.27
328,Tautira,PF,2021-07-19 22:21:20,-17.7333,-149.15,84.22,82,100,24.96
329,Los Llanos De Aridane,ES,2021-07-19 22:22:44,28.6585,-17.9182,67.75,83,90,16.11
330,Banjar,ID,2021-07-19 22:26:05,-8.19,114.9675,75.06,88,11,3.27
331,Madhupur,IN,2021-07-19 22:26:05,24.25,86.65,82.65,79,100,4.85
332,Norman Wells,CA,2021-07-19 22:20:33,65.282,-126.8329,77.04,47,75,12.66
333,Mount Isa,AU,2021-07-19 22:26:06,-20.7333,139.5,47.97,61,4,0.0
334,Ronne,DK,2021-07-19 22:26:06,55.1009,14.7066,64.31,88,27,5.75
335,Songea,TZ,2021-07-19 22:26:06,-10.6833,35.65,53.64,82,41,2.53
336,Fukuma,JP,2021-07-19 22:26:06,33.7667,130.4667,81.09,80,81,6.73
337,Toropets,RU,2021-07-19 22:26:07,56.4978,31.6353,57.07,77,47,4.74
338,Cantaura,VE,2021-07-19 22:26:07,9.3057,-64.3584,79.02,72,96,9.71
339,Kathmandu,NP,2021-07-19 22:26:07,27.7167,85.3167,71.82,100,75,3.44
340,Oranjemund,NA,2021-07-19 22:26:07,-28.55,16.4333,55.29,91,57,6.71
341,Assiniboia,CA,2021-07-19 22:22:09,49.6334,-105.9845,95.47,30,93,20.85
342,Kununurra,AU,2021-07-19 22:21:06,-15.7667,128.7333,55.38,62,9,5.75
343,Auch,FR,2021-07-19 22:26:08,43.65,0.5833,75.11,82,0,3.53
344,Nuuk,GL,2021-07-19 22:19:05,64.1835,-51.7216,47.01,76,75,20.71
345,Kualakapuas,ID,2021-07-19 22:26:08,-3.0091,114.3876,77.16,97,7,2.86
346,Formiga,BR,2021-07-19 22:26:08,-20.4644,-45.4264,56.07,17,0,6.49
347,Kenai,US,2021-07-19 22:26:09,60.5544,-151.2583,71.02,85,75,16.11
348,Broken Hill,AU,2021-07-19 22:21:55,-31.95,141.4333,46.0,62,83,14.41
349,Vanimo,PG,2021-07-19 22:21:40,-2.6741,141.3028,77.56,89,97,1.95
350,Pisco,PE,2021-07-19 22:20:55,-13.7,-76.2167,64.45,77,75,8.05
351,Badou,TG,2021-07-19 22:26:09,7.5833,0.6,72.81,90,78,3.67
352,Ingham,US,2021-07-19 22:26:09,42.6,-84.3833,83.82,65,40,4.61
353,Bethel,US,2021-07-19 22:21:03,41.3712,-73.414,80.89,71,40,1.01
354,Cabo San Lucas,MX,2021-07-19 22:21:17,22.8909,-109.9124,98.51,54,20,5.99
355,Rheinau,DE,2021-07-19 22:26:10,48.8667,8.2,67.95,77,1,5.75
356,Treinta Y Tres,UY,2021-07-19 22:26:10,-33.2333,-54.3833,44.71,82,2,6.73
357,Badami,IN,2021-07-19 22:26:10,15.915,75.6768,71.47,86,100,15.17
358,Gandajika,CD,2021-07-19 22:26:11,-6.75,23.95,72.05,33,5,5.17
359,Kuryk,KZ,2021-07-19 22:21:12,43.2,51.65,84.88,36,0,7.92
360,Kapoeta,SS,2021-07-19 22:22:55,4.7717,33.5903,70.68,80,87,4.45
361,Bichena,ET,2021-07-19 22:26:11,10.45,38.2,54.19,93,100,3.27
362,Chuy,UY,2021-07-19 22:20:32,-33.6971,-53.4616,46.09,85,27,6.49
363,Boshnyakovo,RU,2021-07-19 22:26:11,49.6333,142.1667,69.78,59,51,2.57
364,Norrtalje,SE,2021-07-19 22:26:12,59.758,18.705,64.83,69,93,6.49
365,Yarada,IN,2021-07-19 22:26:12,17.65,83.2667,83.95,78,100,12.35
366,Huangchuan,CN,2021-07-19 22:22:31,32.1272,115.0394,75.63,95,100,5.68
367,Nelson Bay,AU,2021-07-19 22:20:38,-32.7167,152.15,53.76,68,0,3.0
368,Barcelos,PT,2021-07-19 22:21:37,41.5388,-8.6151,64.85,97,12,2.51
369,Nouakchott,MR,2021-07-19 22:22:00,18.0858,-15.9785,78.73,84,4,12.88
370,Sandnessjoen,NO,2021-07-19 22:26:12,66.0217,12.6316,49.98,69,86,15.95
371,Leshukonskoye,RU,2021-07-19 22:26:13,64.8989,45.7622,48.61,92,45,3.8
372,Bathsheba,BB,2021-07-19 22:20:53,13.2167,-59.5167,83.01,74,40,20.71
373,Turukhansk,RU,2021-07-19 22:20:50,65.8167,87.9833,46.31,79,3,6.87
374,Dudinka,RU,2021-07-19 22:26:13,69.4058,86.1778,49.59,65,100,6.08
375,Chato,TZ,2021-07-19 22:26:13,-2.6378,31.7669,68.32,44,9,5.68
376,San Cristobal,VE,2021-07-19 22:26:14,7.7669,-72.225,82.58,90,77,5.91
377,Pala,TD,2021-07-19 22:26:14,9.3642,14.9046,73.26,87,96,4.12
378,Zaqatala,AZ,2021-07-19 22:26:14,41.6336,46.6433,79.59,51,60,6.82
379,Lianran,CN,2021-07-19 22:26:14,24.9227,102.485,61.34,95,99,2.42
380,Olinda,BR,2021-07-19 22:21:46,-8.0089,-34.8553,76.73,69,75,4.61
381,Charters Towers,AU,2021-07-19 22:26:09,-20.1,146.2667,59.07,46,7,8.68
382,Alsfeld,DE,2021-07-19 22:26:15,50.75,9.2667,61.32,90,30,2.24
383,Atambua,ID,2021-07-19 22:21:33,-9.1061,124.8925,68.76,90,12,4.76
384,Tingo Maria,PE,2021-07-19 22:26:15,-9.2895,-76.0088,72.57,97,36,1.45
385,Emerald,AU,2021-07-19 22:21:34,-23.5333,148.1667,57.97,37,2,5.37
386,Palmer,US,2021-07-19 22:22:41,42.1584,-72.3287,76.86,80,75,3.44
387,Hasaki,JP,2021-07-19 22:21:11,35.7333,140.8333,79.2,83,2,7.52
388,Piranhas,BR,2021-07-19 22:26:15,-16.4269,-51.8222,74.61,19,0,10.58
389,Faya,SA,2021-07-19 22:21:33,18.3851,42.4509,60.91,79,98,6.53
390,Bayangol,RU,2021-07-19 22:26:16,50.6977,103.4656,45.5,98,11,1.57
391,Bilma,NE,2021-07-19 22:21:37,18.6853,12.9164,93.38,25,56,10.85
392,Mahajanga,MG,2021-07-19 22:26:16,-15.7167,46.3167,77.02,61,40,6.91
393,Fayetteville,US,2021-07-19 22:21:44,35.0527,-78.8784,77.83,92,90,6.91
394,Aykhal,RU,2021-07-19 22:26:16,66.0,111.5,58.39,78,25,1.23
395,Nowa Deba,PL,2021-07-19 22:26:17,50.4297,21.7508,67.1,80,100,6.71
396,Coahuayana,MX,2021-07-19 22:21:01,18.7333,-103.6833,90.88,64,63,5.66
397,Hauge,NO,2021-07-19 22:26:17,58.3436,6.2812,55.96,79,17,18.66
398,Yumen,CN,2021-07-19 22:26:17,40.2833,97.2,74.1,30,69,9.71
399,Byron Bay,AU,2021-07-19 22:24:18,-28.65,153.6167,55.71,62,0,9.44
400,Krasnokholm,RU,2021-07-19 22:26:18,51.5979,54.1567,74.82,44,31,4.45
401,Henties Bay,NA,2021-07-19 22:26:18,-22.116,14.2845,58.86,68,0,6.53
402,Umm Kaddadah,SD,2021-07-19 22:26:18,13.6017,26.6876,87.08,43,10,14.27
403,Palana,RU,2021-07-19 22:26:18,59.1167,159.9667,51.75,85,59,3.06
404,Karratha,AU,2021-07-19 22:21:27,-20.7377,116.8463,67.87,56,90,4.94
405,Betsiamites,CA,2021-07-19 22:26:19,48.9413,-68.646,70.2,91,90,5.77
406,San Patricio,US,2021-07-19 22:21:19,28.017,-97.5169,96.78,54,63,13.78
407,Tynda,RU,2021-07-19 22:26:19,55.1667,124.7167,62.44,99,100,0.81
408,Colares,PT,2021-07-19 22:21:12,38.7992,-9.4469,66.29,71,83,20.0
409,Mioveni,RO,2021-07-19 22:26:19,44.9566,24.9378,65.59,94,100,5.68
410,Tahoua,NE,2021-07-19 22:26:20,14.8888,5.2692,90.1,39,7,12.8
411,Cidreira,BR,2021-07-19 22:20:35,-30.1811,-50.2056,54.34,69,63,16.2
412,Kailua,US,2021-07-19 22:21:42,21.4022,-157.7394,87.78,65,75,16.11
413,Prince Rupert,CA,2021-07-19 22:25:34,54.3161,-130.3201,62.69,81,90,6.91
414,Disna,BY,2021-07-19 22:26:20,55.568,28.1971,58.78,71,21,4.7
415,Woodland,US,2021-07-19 22:26:20,38.6785,-121.7733,104.14,20,75,5.99
416,Praxedis Guerrero,MX,2021-07-19 22:26:21,31.3667,-106.0167,90.28,27,74,10.58
417,Glasgow,GB,2021-07-19 22:26:21,55.8652,-4.2576,64.2,82,3,5.75
418,Chandrapur,IN,2021-07-19 22:26:21,19.95,79.3,82.27,73,99,9.82
419,Yar-Sale,RU,2021-07-19 22:26:21,66.8333,70.8333,51.08,79,35,9.84
420,Cabatuan,PH,2021-07-19 22:26:22,10.8794,122.486,76.33,87,100,6.71
421,Omsukchan,RU,2021-07-19 22:26:22,62.5333,155.8,56.8,47,91,1.68
422,Biskamzha,RU,2021-07-19 22:26:22,53.4497,89.5272,54.16,97,49,0.94
423,Moba,CN,2021-07-19 22:26:23,33.2288,105.0179,58.64,93,0,1.79
424,Lekoni,GA,2021-07-19 22:26:23,-1.5843,14.2591,82.2,43,100,7.34
425,Canguaretama,BR,2021-07-19 22:26:23,-6.38,-35.1289,75.69,90,15,9.57
426,Oranjestad,AW,2021-07-19 22:26:23,12.524,-70.027,85.95,70,40,20.71
427,Bengkulu,ID,2021-07-19 22:20:44,-3.8004,102.2655,74.88,90,70,5.37
428,Blagoyevo,RU,2021-07-19 22:26:24,63.3667,47.9167,55.2,93,95,6.22
429,Aklavik,CA,2021-07-19 22:20:49,68.2191,-135.0107,77.83,47,40,4.61
430,Batemans Bay,AU,2021-07-19 22:26:24,-35.7167,150.1833,46.2,67,32,8.48
431,Alamosa,US,2021-07-19 22:26:24,37.4695,-105.87,85.51,34,75,19.57
432,Pareora,NZ,2021-07-19 22:26:24,-44.4871,171.2132,45.18,97,10,5.93
433,Uyuni,BO,2021-07-19 22:26:25,-20.4597,-66.825,45.05,23,25,4.34
434,Luxor,EG,2021-07-19 22:26:25,25.6989,32.6421,91.45,19,0,3.44
435,Port Keats,AU,2021-07-19 22:26:25,-14.25,129.55,65.07,34,13,8.61
436,Bondo,CD,2021-07-19 22:26:26,3.8146,23.6866,69.19,92,99,1.41
437,Rio Gallegos,AR,2021-07-19 22:26:26,-51.6226,-69.2181,42.85,65,75,8.05
438,Kedrovyy,RU,2021-07-19 22:26:26,56.1667,91.8167,57.61,97,46,2.21
439,Bagdarin,RU,2021-07-19 22:26:26,54.4333,113.6,59.72,94,100,2.82
440,Samarai,PG,2021-07-19 22:20:28,-10.6167,150.6667,79.48,78,99,15.1
441,Hofn,IS,2021-07-19 22:22:32,64.2539,-15.2082,51.71,85,69,3.96
442,Mayo,US,2021-07-19 22:26:27,38.8876,-76.5119,90.05,69,1,1.99
443,Calbiga,PH,2021-07-19 22:26:27,11.6247,125.0164,77.85,88,91,4.32
444,Tifton,US,2021-07-19 22:26:22,31.4505,-83.5085,81.86,83,40,3.44
445,Port Lincoln,AU,2021-07-19 22:21:43,-34.7333,135.8667,53.82,76,74,23.29
446,Kavieng,PG,2021-07-19 22:20:49,-2.5744,150.7967,81.86,77,100,10.09
447,Lavrentiya,RU,2021-07-19 22:20:33,65.5833,-171.0,45.41,98,100,4.61
448,Sassandra,CI,2021-07-19 22:26:28,4.95,-6.0833,76.05,78,85,9.73
449,Cherskiy,RU,2021-07-19 22:21:31,68.75,161.3,57.33,47,100,9.69
450,Nishihara,JP,2021-07-19 22:26:28,26.1842,127.7558,78.85,91,90,11.5
451,Shido,JP,2021-07-19 22:26:28,34.3233,134.1733,80.49,83,75,2.3
452,Ust-Maya,RU,2021-07-19 22:26:29,60.4167,134.5333,67.78,68,100,3.65
453,Fairbanks,US,2021-07-19 22:23:57,64.8378,-147.7164,81.1,41,1,1.01
454,Vicuna,CL,2021-07-19 22:25:41,-30.0319,-70.7081,72.77,19,0,1.52
455,Lufilufi,WS,2021-07-19 22:26:29,-13.8745,-171.5986,87.58,73,56,19.75
456,Gimli,CA,2021-07-19 22:26:29,50.6336,-96.9907,69.82,73,0,11.5
457,Shubarkuduk,KZ,2021-07-19 22:26:30,49.1447,56.4872,77.63,43,3,7.27
458,Hobyo,SO,2021-07-19 22:21:42,5.3505,48.5268,76.12,83,93,24.92
459,Acarau,BR,2021-07-19 22:22:05,-2.8856,-40.12,79.9,76,71,14.88
460,Gubkinskiy,RU,2021-07-19 22:26:30,64.434,76.5026,53.26,84,0,8.88
461,Monduli,TZ,2021-07-19 22:26:30,-3.3,36.45,57.29,72,69,9.48
462,Frolovo,RU,2021-07-19 22:26:31,49.7713,43.6622,77.72,50,60,6.55
463,Nouadhibou,MR,2021-07-19 22:26:31,20.931,-17.0347,82.38,51,62,13.8
464,Aquiraz,BR,2021-07-19 22:26:31,-3.9014,-38.3911,80.69,85,1,10.42
465,Mwinilunga,ZM,2021-07-19 22:26:31,-11.7358,24.4293,54.75,50,74,3.2
466,Camocim,BR,2021-07-19 22:26:32,-2.9022,-40.8411,78.76,78,88,9.84
467,Senador Pompeu,BR,2021-07-19 22:22:17,-5.5881,-39.3717,82.62,42,40,5.12
468,Taoudenni,ML,2021-07-19 22:21:28,22.6783,-3.9836,106.63,7,15,3.47
469,Nikolayevsk-Na-Amure,RU,2021-07-19 22:26:32,53.1406,140.73,72.01,54,100,1.52
470,Qax,AZ,2021-07-19 22:26:32,41.4225,46.9242,79.0,51,35,7.05
471,Alpena,US,2021-07-19 22:26:33,45.0617,-83.4327,86.32,42,1,6.91
472,Madimba,TZ,2021-07-19 22:26:33,-10.4,40.3333,69.8,91,15,9.46
473,Were Ilu,ET,2021-07-19 22:26:33,10.6,39.4333,54.5,85,82,1.83
474,Orlik,RU,2021-07-19 22:26:33,52.5178,99.825,51.8,77,82,2.62
475,Tilichiki,RU,2021-07-19 22:26:34,60.4667,166.1,59.72,59,70,17.78
476,Bakchar,RU,2021-07-19 22:26:34,57.0186,82.0711,52.18,96,1,3.31
477,Cuamba,MZ,2021-07-19 22:26:34,-14.8031,36.5372,66.88,56,100,2.73
478,Ancud,CL,2021-07-19 22:21:51,-41.8697,-73.8203,51.33,99,100,9.93
479,Almaznyy,RU,2021-07-19 22:26:35,48.0448,40.045,73.54,32,51,4.0
480,Odweyne,SO,2021-07-19 22:26:35,9.4092,45.064,70.65,57,18,19.19
481,Saint George,US,2021-07-19 22:20:26,37.1041,-113.5841,99.07,29,1,7.0
482,Kavaratti,IN,2021-07-19 22:22:52,10.5669,72.642,82.04,76,85,18.25
483,Qidong,CN,2021-07-19 22:26:35,31.8128,121.6561,81.99,88,77,13.06
484,Poum,NC,2021-07-19 22:22:38,-20.2333,164.0167,70.97,84,99,6.46
485,Tadine,NC,2021-07-19 22:26:36,-21.55,167.8833,72.82,71,44,9.42
486,Sfantu Gheorghe,RO,2021-07-19 22:26:36,45.8667,25.7833,70.27,79,99,1.99
487,Zykovo,RU,2021-07-19 22:26:36,55.9519,93.1461,59.74,94,97,2.35
488,Clovis,US,2021-07-19 22:24:36,36.8252,-119.7029,106.16,22,20,1.01
489,Porosozero,RU,2021-07-19 22:26:37,62.7191,32.727,51.48,70,26,4.34
490,Salinas,US,2021-07-19 22:21:40,36.6777,-121.6555,94.96,60,20,10.36
491,Nicholasville,US,2021-07-19 22:26:37,37.8806,-84.573,83.66,53,20,14.97
492,Teremia Mare,RO,2021-07-19 22:26:37,45.9353,20.525,67.08,92,90,4.21
493,Fort Nelson,CA,2021-07-19 22:21:35,58.8053,-122.7002,71.19,46,75,5.75
494,Goderich,CA,2021-07-19 22:21:53,43.7501,-81.7165,82.04,73,28,2.3
495,Sept-Iles,CA,2021-07-19 22:21:57,50.2001,-66.3821,66.72,83,90,1.99
496,Newcastle,AU,2021-07-19 22:17:52,-32.9272,151.7765,51.82,75,20,5.01
497,Guararapes,BR,2021-07-19 22:26:38,-21.2608,-50.6428,54.09,18,72,7.14
498,Klaksvik,FO,2021-07-19 22:21:44,62.2266,-6.589,50.92,94,71,10.38
499,Caravelas,BR,2021-07-19 22:26:38,-17.7125,-39.2481,73.24,88,0,6.62
500,Carroll,US,2021-07-19 22:26:38,39.5501,-77.0164,88.12,57,1,1.01
501,Lesogorsk,RU,2021-07-19 22:26:39,56.0458,99.5136,57.76,88,34,2.53
502,Karpinsk,RU,2021-07-19 22:26:39,59.7654,60.0085,58.3,71,5,3.31
503,Miandrivazo,MG,2021-07-19 22:26:39,-19.5167,45.4667,70.83,71,44,1.34
504,Hervey Bay,AU,2021-07-19 22:26:39,-25.2986,152.8535,57.02,56,0,4.0
505,Raudeberg,NO,2021-07-19 22:20:40,61.9875,5.1352,55.2,82,100,18.54
506,Taos,US,2021-07-19 22:26:40,36.4072,-105.5731,84.6,27,40,7.0
507,Mehamn,NO,2021-07-19 22:22:57,71.0357,27.8492,43.27,80,74,24.25
508,Teknaf,BD,2021-07-19 22:26:40,20.8624,92.3058,80.06,86,100,4.65
509,Baykit,RU,2021-07-19 22:26:40,61.67,96.37,52.97,99,68,4.32
510,Vanavara,RU,2021-07-19 22:22:03,60.34,102.2797,56.91,82,77,4.36
511,Uige,AO,2021-07-19 22:26:41,-7.6087,15.0613,66.31,48,97,3.69
512,Vostok,RU,2021-07-19 22:21:43,46.4856,135.8833,75.29,70,20,0.58
513,Jacareacanga,BR,2021-07-19 22:22:38,-6.2222,-57.7528,83.16,40,9,2.06
514,Edd,ER,2021-07-19 22:22:30,13.9297,41.6925,91.04,59,100,5.79
515,Matam,SN,2021-07-19 22:26:41,15.6175,-13.3303,93.2,46,0,4.61
516,Pundaguitan,PH,2021-07-19 22:26:41,6.3711,126.1689,83.66,74,97,7.07
517,Ugoofaaru,MV,2021-07-19 22:21:10,5.6667,73.0,82.85,74,97,12.39
518,Tres Arroyos,AR,2021-07-19 22:22:33,-38.3739,-60.2798,48.61,45,60,14.34
519,Agirish,RU,2021-07-19 22:26:42,61.9247,63.0231,59.04,75,11,5.84
520,Chivilcoy,AR,2021-07-19 22:22:35,-34.8957,-60.0167,49.01,65,1,4.0
521,Vardo,NO,2021-07-19 22:20:59,70.3705,31.1107,44.13,83,100,8.55
522,Beringovskiy,RU,2021-07-19 22:21:12,63.05,179.3167,45.48,97,100,7.09
523,Egvekinot,RU,2021-07-19 22:26:42,66.3167,-179.1667,38.32,88,100,9.26
524,Westport,US,2021-07-19 22:23:03,41.1415,-73.3579,83.05,76,75,1.01
525,Manokwari,ID,2021-07-19 22:26:43,-0.8667,134.0833,77.4,82,89,3.04
526,Port-Cartier,CA,2021-07-19 22:23:53,50.0334,-66.8654,66.42,93,97,5.79
527,Aden,YE,2021-07-19 22:26:11,12.7794,45.0367,84.74,72,100,9.28
528,Keelung,TW,2021-07-19 22:26:43,25.1283,121.7419,84.34,86,85,5.14
529,Piterka,RU,2021-07-19 22:26:43,50.6803,47.4454,78.17,48,0,4.14
530,Leh,IN,2021-07-19 22:26:43,34.1667,77.5833,62.98,51,21,2.84
531,Rostovka,RU,2021-07-19 22:26:44,55.3842,71.8891,57.04,80,86,6.82
532,Synevyr,UA,2021-07-19 22:26:44,48.4875,23.6258,63.95,98,100,3.8
533,Cabano,PH,2021-07-19 22:26:44,10.5869,122.7002,80.35,83,100,13.42
534,Demerval Lobao,BR,2021-07-19 22:26:45,-5.3583,-42.6764,85.41,34,47,1.25
535,Amapa,BR,2021-07-19 22:26:45,1.0,-52.0,76.91,84,78,0.51
536,Ilulissat,GL,2021-07-19 22:21:09,69.2167,-51.1,44.62,87,90,14.97
537,Darhan,MN,2021-07-19 22:26:45,49.4867,105.9228,56.75,91,93,1.34
538,Carauari,BR,2021-07-19 22:26:45,-4.8828,-66.8958,80.89,67,100,0.85
539,Port Hueneme,US,2021-07-19 22:21:11,34.1478,-119.1951,102.65,53,1,13.8
540,Auki,SB,2021-07-19 22:21:10,-8.7676,160.7034,81.57,72,100,4.03
541,Izhma,RU,2021-07-19 22:26:46,65.0083,53.9113,60.96,76,100,4.0
542,Turnu Magurele,RO,2021-07-19 22:26:46,43.75,24.8667,70.48,94,50,8.93
543,Mineiros,BR,2021-07-19 22:24:39,-17.5694,-52.5511,61.86,15,1,8.81
544,Coswig,DE,2021-07-19 22:26:46,51.1333,13.5833,60.21,74,0,2.3
545,Awjilah,LY,2021-07-19 22:22:33,29.1081,21.2869,81.43,48,0,10.11
546,Mount Gambier,AU,2021-07-19 22:20:47,-37.8333,140.7667,48.11,93,75,21.85
547,Richards Bay,ZA,2021-07-19 22:20:50,-28.783,32.0377,61.38,75,0,12.62
548,Saint Anthony,US,2021-07-19 22:21:49,45.0205,-93.218,89.85,39,1,3.0
549,Makakilo City,US,2021-07-19 22:26:47,21.3469,-158.0858,86.32,57,75,11.5
550,Majdanpek,RS,2021-07-19 22:26:47,44.4277,21.946,60.17,99,98,1.01
551,Lakes Entrance,AU,2021-07-19 22:26:48,-37.8811,147.981,49.57,65,91,11.36
552,Ryotsu,JP,2021-07-19 22:20:39,38.0833,138.4333,80.56,74,89,3.78
553,Luanda,AO,2021-07-19 22:26:41,-8.8368,13.2343,71.6,88,20,6.91
554,Santona,ES,2021-07-19 22:26:48,43.4439,-3.4576,69.91,76,0,4.29
555,Saint-Joseph,RE,2021-07-19 22:26:48,-21.3667,55.6167,68.38,75,27,16.28
556,Manzil Salim,TN,2021-07-19 22:26:49,35.8567,8.4765,77.0,52,0,2.73
557,Gonbad-E Qabus,IR,2021-07-19 22:26:49,37.25,55.1672,83.44,53,0,2.91
558,Acapulco,MX,2021-07-19 22:23:54,16.8634,-99.8901,87.62,74,40,6.91
559,Kaka,TM,2021-07-19 22:26:49,37.3482,59.6143,85.3,14,0,7.4
560,Kalavad,IN,2021-07-19 22:26:49,22.2167,70.3833,80.85,81,99,20.18
561,Katobu,ID,2021-07-19 22:26:50,-4.9408,122.5276,72.97,94,61,3.58
562,Oyama,JP,2021-07-19 22:26:50,36.3,139.8,85.66,78,71,3.2
563,Alice Springs,AU,2021-07-19 22:21:02,-23.7,133.8833,42.35,65,9,0.0
564,Methoni,GR,2021-07-19 22:26:50,36.8197,21.7049,78.22,77,2,3.02
565,Vao,NC,2021-07-19 22:21:26,-22.6667,167.4833,69.28,74,61,11.05
566,Mago,RU,2021-07-19 22:26:51,53.2514,140.1822,70.02,56,99,1.81
567,Halifax,CA,2021-07-19 22:22:32,44.6453,-63.5724,75.42,93,90,1.99
568,Tila,MX,2021-07-19 22:26:51,17.4,-92.4833,82.27,79,54,5.19
569,Beisfjord,NO,2021-07-19 22:26:51,68.3751,17.5988,46.45,93,99,9.44
570,Calama,CL,2021-07-19 22:26:51,-22.4667,-68.9333,66.69,6,75,13.8
571,Kusti,SD,2021-07-19 22:26:52,13.1629,32.6635,84.4,57,100,15.95
572,Puri,IN,2021-07-19 22:26:52,19.8,85.85,85.37,84,100,16.15
573,Shache,CN,2021-07-19 22:26:52,38.4167,77.2406,67.37,63,90,3.49
